2025-09-16_20-03-06,None,draft.py:2025-09-16_20-03-06
2025-09-16_20-12-44,None,draft.py:2025-09-16_20-12-44
<<<<<<< HEAD
2025-09-22_20-00-01,None,draft.py:2025-09-22_20-00-01
=======
2025-09-19_13-40-06,None,draft.py:2025-09-19_13-40-06
2025-09-19_13-52-43,None,draft.py:2025-09-19_13-40-06
2025-09-19_13-53-17,None,draft.py:2025-09-19_13-40-06
2025-09-19_13-55-06,None,draft.py:2025-09-19_13-40-06
2025-09-19_13-55-28,None,draft.py:2025-09-19_13-55-28
2025-09-19_13-58-31,None,draft.py:2025-09-19_13-55-28
>>>>>>> 7a3d6ba5f6c2f28cabc5701885473ffbc3b0afcf
